orgao,link,titulo,reclamacao,nome_orgao_site,id,grupo_avaliando
stf-supremo-tribunal-federal,https://cidadao.reclameaqui.com.br/344195/stf-supremo-tribunal-federal/por-que-pagar-imposto/,POR QUE PAGAR IMPOSTO ?,"
        ESTOU COM MEUS IMPOSTOS ATRASADOS!
PRECISO PAGAR PLANO DE SAÚDE PARTICULAR!
O GOVERNO ESTÁ USANDO O DINHEIRO DE FORMA ERRADA, ROUBANDO, COLOCANDO NA CUECA, E NÃO ESTÁ INVESTINDO EM SAUDE, EDUCAÇÃO E SEGURANÇA
MUITO INJUSTO ELE ME COBRAR IMPOSTO, EU NÃO ESTOU PAGANDO OS IMPOSTOS DAS.
TODO MES TENHO QUE EMITIR UMA UNICA NOTA FISCAL PELA MINHA PRESTACAO DE SERVICO DE TI, SOU PROGRAMADOR, E JÁ ESTÃO AMEAÇANDO:
Caso os débitos descritos na referida intimação não sejam quitados ou regularizados, o
contribuinte estará sujeito a:
- inclusão no Cadastro Informativo de Créditos não Quitados do Setor Público Federal - CADIN,
impedindo operações de crédito com recursos públicos, a concessão de incentivos fiscais e
financeiros e a celebração de convênios e similares que envolvam desembolso de recursos
públicos e respectivos aditamentos (Lei no 10.522, de 2002);
- encaminhamento dos débitos para inscrição em Dívida ativa, para fins de cobrança judicial, com
a possibilidade de penhora ou arresto de bens, e acréscimo relativos aos encargos legais;
- exclusão do Simples Nacional, conforme disposto no inciso V do art. 17 da Lei Complementar no
123, de 14 de dezembro de 2006, e na alínea ""d"" do inciso II do art. 73, combinada com o inciso I
do art. 76, amboas da Resolução CGSN no 94, de 29 de novembro de 2011.
Atenciosamente,
Secretaria da Receita Federal do Brasil
QUE PAÍS É ESSE! NÃO SOBRA DINHEIRO PARA PAGAR O GOVERNO, PRECISO PAGAR O PLANO DE SAÚDE DE MINHA FAMILIA NO VALOR DE MAIS 700,00! EU QUERO FICAR ISENTO DESSE IMPOSTO ATÉ TODOS OS POLITICOS NÃO TEREM TODOS ESSES BENEFICIOS QUE TEEM E QUE NINGUEM ESTEJA DESVIANDO O MEU DINHEIRO !
NAO QUERO MAIS SUSTENTAR POLITICOS BANDIDOS!",http://www.stf.jus.br,1,2
stf-supremo-tribunal-federal,https://cidadao.reclameaqui.com.br/272520/stf-supremo-tribunal-federal/ouvidorias-e-corregedorias-so-para-desabafo/,Ouvidorias e Corregedorias só para desabafo,"
        Já enviei várias mensagens, inclusive por escrito com aviso de recebimento, questionando a demora para o Judiciário cumprir a legislação no caso da execução de uma dívida confessa. De acordo com o CPC, uma dívida confessa deve ser paga em três dias, no entanto, os oficiais de justiça da cidade de Peruíbe (SP), onde corre o processo, nem mesmo entregar a intimação ao Arquiteto estelionatário eles conseguem. Muito estranho, já que essa pessoa reside há mais de 20 anos na cidade, que é muito pequena, tem placas espalhadas em várias obras e presta serviços ao forum da cidade como Perito. Enquanto o golpista vive bem às custas dos seus credores, eu que sou aposentada, filha única e única responsável por minha mãe idosa, portadora de mal de alzheimer e agora com câncer, tenho que passar dificuldades por ter sido vítima de um ladrão que está às soltas. Há algo de muito podre no Judiciário de Peruíbe e os órgãos fiscalizadores não fazem NADA!!! As leis nesse país são uma piada e o STJ não faz NADA!!! Canais de atendimento e reclamações servem apenas como desabafo e cabidão de emprego. A demora na execução da lei, beneficia apenas gente que não presta. Esse país acabou. Isso aqui não tem mais jeito.",http://www.stf.jus.br,2,3
stf-supremo-tribunal-federal,https://cidadao.reclameaqui.com.br/254736/stf-supremo-tribunal-federal/falta-de-respeito-com-cidadao/,falta de respeito com cidadao,"
        bom dia senhores, venho por meio desde canal tentar fazer com que vcs se comovam e resolvam meus processos que estao em abertos a meses...
1: 00323041620148260405
2; 00322617920148260405
3; 00024928920158260405
4; 10141320920148260405
PESSO ENCARECIDAMENTE QUE UMA LUZ SOBRE VCS RESOLVA ISSO POR MIM, PQ DE VERDADE E DIFICIL.",http://www.stf.jus.br,3,4
stf-supremo-tribunal-federal,https://cidadao.reclameaqui.com.br/331841/stf-supremo-tribunal-federal/a-justica-brasileira-e-f-d-p/,A Justiça Brasileira é F.d.P?,"
        F.d.P significa Falta de Proficiência.
Para entender a reclamação é preciso saber da história.
Desde pequeno fui fascinado por aviação, me inscrevi para ser piloto de avião de caça,mas na época a séria crise econômica brasileira (o Brasil vive em crise econômica) fez a FAB (Força Aérea Brasileira) cancelar as inscrições (1993), quando o Brasil voltou a crescer eu fui convocado em Julho de 1996, mas a idade limite era de 21 anos e eu havia completado 22 anos faziam-se 03 meses.
Perdi a chance por causa de um país que só vive em crise!
Resolvi tentar entrar na Embraer S.A, foram 12 anos de luta e tentativas, consegui fazer parte da Embraer em 09/04/2007 até 10/08/2012.
Mas diziam que somente os melhores entravam na Embraer,então gastava meu dinheiro em livros, SENAI e ferramentas para praticar em casa,enquanto o resto da juventude gastava em noitadas e diversões.
Primeiro teste foi em 2005 para o Hangar F 107/1 (usinagem) com o supervisor ""Cebolinha"", fui aprovado com a melhor nota mas fui recusado porque eu era bom demais para a função de ficar a debastar alumínio em bancada.
Meu segundo teste foi em 2006 para o F 220 com o supervisor JOEL, novamente fui aprovado, mas fui recusado porque queria estudar Engenharia e o supervisor JOEL queria que eu estudasse Administração.
Fiquei tão desolado que voltei a pé (mais de 20 quilômetros) para casa e debaixo de chuva.
Chegando em casa somente voltei a realidade no dia seguinte, sentei na cama e escrevi uma carta ao RH da Embraer contando o ocorrido.
Três semanas depois fui chamado para novo teste e fui pela terceira vez aprovado.
Desta vez pude ir a Embraer, mas fui barrado na portaria e por duas horas ninguém sabia me dizer onde seria o local da integração.
Tomei então das mão o telefone da atendente e consegui conversar com uma pessoa chamada VIVIANE que então me recebeu e me chamou para dentro da empresa.
Doze anos de luta e consegui entrar na Embraer em 09/04/2007.
Mas aí meses depois conheci meu novo supervisor ""Adilson Marchessoti"" e minha vida virou do avesso.
Eu havia entrado na Faculdade como a melhor nota da turma e minha esposa ao me avisar acabou ligando para mesa do supervisor Adilson que me deu o recado, ele disse que nunca conheceu alguém que passou em primeiro lugar, ele mesmo passou em 136° lugar mas a faculdade possuía vagas apenas até a 134°, ou seja ele somente entrou na faculdade por desistência de outros.
A partir daí surgiu uma ponta de inveja do supervisor e não foi bom para mim, que a cada ano ele me isolava e me prejudicava.
Quando a faculdade ficou muito cara para mim, tentei o ENEM e fui aprovado ganhando uma bolsa gratuita,mas o curso era a noite e não poderia cursar por causa do horário de trabalho.
A faculdade me deu 06 meses para tentar mudar o horário de trabalho e no quinto mês surgiu uma oportunidade.
O supervisor Adilson fez o comunicado da oportunidade de mudança de turno e eu fui o primeiro candidato.
Mas no dia da mudança ele não me mudou de turno e me ameaçou ainda por cima se persistisse.
Mas como este acordo foi feito via e-mail ele ficou com medo e tentou me obrigar a assinar um documento onde eu assumia toda a culpa por não ter sido transferido de turno.
Como não assinei ele me demitiu, mas antes ele transformou minha vida em um inferno e como consequência fique lesionado nos punhos e ombro esquerdo porque ele me sobrecarregou de serviço para ver se pedia demissão.
Não assinei o exame da demissão porque estava sobre tratamento médico, mas mesmo assim fui chutado da empresa.
E mesmo comunicando o fato a gerência e ao RH da Embraer todo mundo ficou quieto, mesmo mostrando que das 275 pessoas de minha turma eu fui o único na avaliação de competência da Embraer a ter 100% de acerto, o segundo colocado ficou com 76% e o restante com média de 25%.
Tirei 100% de eficiência e ganhei um pé na bunda!
Entrei com um processo no TRT 15 de São José dos Campos/SP e parecia fácil devido as provas a mim fornecidas (0001582-37-2012-5-15-0013).
Mas perdi no quesito exame médico e reintegração.
Foi aí que descobri que o perito médico trabalhava para empresa (proibido por lei) e que meu advogado havia entregue documento em atraso, após vencer o prazo.
Quando descobri o acontecido meu advogado (Gregório Vicente) me fez de idiota para procurar e conseguir documentos diversos que ele nunca anexou ao processo.
Então eu descobri que na verdade ele queria que eu não achasse estes documentos para então alegar que aquele documento não encontrado que me daria a vitória.
Quando descobri isto o processei, e ganhei e como indenização ele abriu mão de seus honorários de 30%.
Mas depois disto não consegui advogado e parti para luta sozinho.
Fui obrigado a ser auto didata na função de advogado.
Com o processo já em segunda instância entrei com um pedido de Embargos de Declaração após decisão da juíza, que então respondeu que desconhecia os fatos narrados no Embargo.
Em um segundo embargo mostrei a ela onde se encontrava os fatos na inicial.
Ela então, uma juíza de segunda instância, disse que minha inicial (petição inicial) não estava de acordo com as leis, uma petição inicial que transitou normalmente em primeira instância.
Entrei com terceiro embargo apresentando as leis da CLT para minha defesa e o embargo desapareceu, apesar de eu possuir a documentação informando que foi entregue.
Eu enviei por e-mail (eletrônico) e pelo correio dentro das leis do PROT 15 da época e as duas formas de envio foram aceitas.
Depois eles apareceram e faltando folhas, justamente aquelas de poder comprabatório.
Entrei com um pedido de ""Ação Reclamatória Autônoma de Falsidade Documental"" por que o perito médico atuava na Embraer (proibido) e meus laudos médicos sumiram e o perito anexou apenas os laudos da Embraer que estavam sem assinatura, minha e do médico responsavél.
Apresentei toda a documentação verdadeira, que novamente sumiu, reaparecendo toda bagunçada no processo.
Reclamei a corregedoria que nada vez,descobri depois que o novo juiz corregedor era o juiz do acórdão,um juiz que não iria condenar a si próprio.
Então meu processo foi encerrado e enviado como ""Baixa Definitiva"" de volta a São José dos Campos.
Reclamei ao presidente do tribunal porque existia um recurso de revista (para Brasília) que não foi julgado.
O presidente em seu Ofício GPR 070/2016 disse que nada poderia fazer por constar já ""Baixa Definitiva"".
Três meses depois o processo foi reaberto e enviado a Brasília, mas somente a parte da Embraer e não a minha que desapareceu.
Reclamei então a CNJ (Corregedoria Nacional de Justiça) que achou o meu pedido como um pedido de conciliação e a CNJ não faz conciliação,então ele foi arquivado.
Recorri da decisão e o processo foi reaberto e encaminhado ao TRT 15 que foi julgado pelo mesmo juiz no qual eu estava criticando por suas ações.
Novamente este juiz do TRT 15 arquivou o processo.
Reclamei novamente a CNJ que acabou arquivando meu pedido alegando mero descontentamento.
O perito desaparece com meus documentos.
A juíza aceita documentos da Embraer com 08 meses de atraso após vencido o prazo.
Documentos falsificados (locais de trabalho errado e documentos sem assinatura) são aceitos e os meus devidamente preenchidos são barrados.
Documentos desaparecem nos tribunais de Campinas/SP (Segunda Instância).
Fui impedido de meu direito a ampla defesa e o contraditório.
Impedido de ter um juiz imparcial e competente.
Isto não é descontentamento é reclamação por meus direitos!
Já enviei petições aos órgãos públicos pedindo explicações mas parece que existe uma preguiça em ler ou em condenar um colega de profissão,em condenar um juiz ou em me dar o direito a ampla defesa e contraditório.
Então, nossa justiça possui Falta de Proficiência (F.d.P)?",http://www.stf.jus.br,4,5
stf-supremo-tribunal-federal,https://cidadao.reclameaqui.com.br/269481/stf-supremo-tribunal-federal/a-mediocridade-da-justica-brasileira/,A mediocridade da Justiça Brasileira.,"
        Possuo atualmente quatro processos distintos e por falha do advogado ou do juiz estou sofrendo com eles.
Um é trabalhista contra a Embraer S.A (TRT 15 e Campinas/SP), está em segunda instância mas devido ao Jus Postulando não posso rumar para a terceira instância.
Existem falhas no processo, o perito alterou a minha função de trabalho ""descaradamente"", atua no sistema médico da empresa reclamada, EU que entreguei as fichas de segurança mostrando os perigos dos materiais utilizados (hoje sofro de problemas nas mãos justamente por terem me fornecido luvas erradas), e a reclamada impugnou ""sem provas"" um documento entregue por mim que é ORIGINAL da reclamada.
Existiu ainda a omissão no julgado porque o tribunal se recusa a aceitar as minhas provas na inicial de acordo com o artigo n° 840 da CLT, mas se recusa a aceitar de acordo com o artigo 787 também da CLT, ao ser questionada a juíza nega meus pedidos e se recusa a aceitar as petições enviados via eletrônica, e as petições enviadas via correios ""desaparecem"", peço a restauração dos autos (art. 1063 do CPC), mas então os pedidos são anexados em lugar errado e novamente!
Portanto a juíza trabalhista do TRT 15 (Campinas/SP) nega o meu direito a ampla defesa (recusando a documentação inicial), negação de prestação jurisdicional (no meu direito de ter a documentação e provas aceitas e protocoladas corretamente pela secretaria), de corrigir a omissão no julgado (Súmula 278 do TST).
E não posso ir sem advogado a terceira instância e ninguém deseja me defender contra uma grande empresa como a Embraer e porque dizem que meu antigo patrono havia sido ""comprado"", tanto que o processei recentemente e recebi uma indenização por isto, o que de certa forma comprova a teoria dele ter sico ""comprado""(?).
O outro é um processo cível onde o juiz de Jacareí/SP ao não ler a inicial indefere um pedido contra o banco Santander e hoje sou obrigado a recorrer.
Este mesmo juiz atuou no processo contra meu ex-advogado do processo Embraer S.A,quase o perdi porque o juiz não leu a inicial e quando o questionei (o senhor leu o conteúdo da inicial?) ele respondeu ""não"", depois pediu cinco minutos para ler, ao entender a causa tentou voltar atrás mas isto somente gerou confusão da parte requerida.
Por esta trapalhada judicial perdi de ganhar um valor considerável, e o que mais me enoja foi em o juiz aceitar que eu não reclamasse a OAB sobre o advogado, tudo pela ""conciliação"".
Este é o conceito de conciliação na justiça?
O outro é sobre uma multa de trânsito, onde eu estava no trabalho na hora da multa (14:50 horas em Jacareí /SP), o carro autuado era verde e o carro que dirigia é branco, mostrei ao orgão julgador meus cartões de ponto, a imagem da câmera de segurança e mesmo assim foi indeferido e a multa foi julgada em 34 dias, prazo acima dos 30 dias permitido por lei (artigo 285 do CTB), tudo pela pressa de entregar os pedido antes do final do ano de 2015!
E o orgão da multa não possui nenhuma foto ou algo válido que me mostre no local da infração no dia e hora!
Isto que é definição da justiça no Brasil?
E com advogados (nem todos) incompetentes o que será do povo brasileiro sem o Jus Postulandi?
Mas que adianta o Jus Postulandi com juízes (nem todos) que usam a força do ofício par esconder suas falhas?
O cidadão brasileiro para ter um julgamento decente necessita ter a sorte de encontrar gente decente no sistema judicial nacional, mas e se não encontrar?
A própria Constituição Federal (art. 5, XXXIV) me dá o direito de envio de petições aos orgãos públicos, eu enviei a meses e até agora nada, a Constituição lhe dá o direito de envio, mas não dá a obrigação aos orgãos de responder.
Esta é a nossas justiça?",http://www.stf.jus.br,5,6
stf-supremo-tribunal-federal,https://cidadao.reclameaqui.com.br/295209/stf-supremo-tribunal-federal/abertura-de-inquerito/,Abertura de inquérito,"
        O STF abriu processo sem provas contra Jair Bolsonaro, quero deixar minha denúncia.",http://www.stf.jus.br,6,1
stf-supremo-tribunal-federal,https://cidadao.reclameaqui.com.br/236781/stf-supremo-tribunal-federal/processo-ja-julgado-e-indeferido/,PROCESSO JA JULGADO  E INDEFERIDO,"
        MEU EX ESPOSO JA ESTA DOENTE CRONICO E   TEM DIABETES PRECISA DE AJUDA, O    PROCESSO DELE DURA 27 ANOS NEM O CONSELHO NACIONAL DE JUSTIÇA   NAO RESOLVEU, FOI JULGADO COMO ANISTIADO DO ARSENAL DE MARINHA DO RIO DE JANEIRO E ELE JA ERA PRA TER RECEBIDO E UM JOGO DE EMPURRA GOVERNO E MARINHA,MEU EX TEM DIREITO A PRIORIDADE E   POR ESTAR DOENTE, OS AMIGOS DE TRABALHO JA FALECERAM ESTAO ESPERANDO O QUE   ELE JA FOI ANISTIADO PELO  TRIBNAL DO RJ  E O EXCELENTISSIMO MINISTRO DA JUSTIÇA JOSE EDUARDO CARDOSO   INDEFERIU O PROCESSO QUE JA TEVE  ANISTIA NAO ENTENDO  ISSO GOSTARIA DE ESCLARECIMENTOSSSS PELO AMOR DE DEUSSSSSSS  OBRIGADA",http://www.stf.jus.br,7,2
stf-supremo-tribunal-federal,https://cidadao.reclameaqui.com.br/268013/stf-supremo-tribunal-federal/cf88/,CF88,"
        Vergonhas ter esses Ministros do STF.
Vocês estão indo contra a CF/88, mostra assim como nossa justiça é falha. Absurdo ver essa corte trabalhar contra os príncipios da CF.
Vergonha da Justiça.
Vergonha dos Ministros.
A mais alta corte, está indo para o buraco como a república!",http://www.stf.jus.br,8,3
stf-supremo-tribunal-federal,https://cidadao.reclameaqui.com.br/256228/stf-supremo-tribunal-federal/pais-bolivariano-e-um-pais-esquizofrenico-sem-direito-de-def/,País bolivariano é um país esquizofrênico/sem direito de defesa,"
        País bolivariano é um país esquizofrênico. A esquizofrenia política e a esquizofrenia da justiça.
""Um presidente não pode ser responsabilizado por atos em mandatos anteriores"", mesmo sendo ela mesma a responsável pelo mandato anterior?
Se esta Constituição é esquizofrênica a este ponto de não responsabilizar a mesma pessoa reeleita para o mesmo cargo por atos cometidos por ela mesma em mandato anterior, de que nos serve esta Constituição? 
O Estado nasceu falido. Não é possível garantir direitos num estado esquizofrênico, bipolar e dicotômico.
Por este motivo os bandidos estão fazendo o que querem, pois têm a garantia de impunidade, e de inúmeras maneiras. O cidadão não tem direito de defesa.",http://www.stf.jus.br,9,4
stf-supremo-tribunal-federal,https://cidadao.reclameaqui.com.br/284209/stf-supremo-tribunal-federal/processo-de-impugnacao-julgado-improcedente-pela-receita-fed/,"Processo de impugnação julgado improcedente pela receita federal,com erro gravissimo.","
        Boa noite venho por meio desta pedir ajuda,pois venho sendo humilhado pela Receita Federal sem direito a defesa justa o processo de número;18470.728096/2012-45,vem me intimando a pagar valores,que nem sei se reference a mim Miguel Mauro A. dos Santos,pois na época que fui a uma loja da Recita Federal aqui no rio de Janeiro que fica no bairro do Méier,a rua Dias da Cruz,a atendente a me pedir os meus documentos para dar entrada no meu pedido de impugnação,levou um susto pois um funcionário desta loja errou na digitação e colocou o nome de uma contribuinte no lugar do meu e também o cpf,ai a mesma pediu para que eu aguardasse e logo em seguida veio falar comigo que havia existido esse erro e que ela pedia desculpas pelo erro,ai a perguntei e agora como fica o meu caso,a mesma me respondeu pode ficar tranquilo que logo o senhor sera chamado para fazer um novo pedido de impugnação,agora com os dados certos e isso não aconteceu,eu fora julgado e condenado,e tudo mais,agora envio mensagens para ouvidoria geral da receita e eles não dão a mínima para o que estou relatando,só me pedem para que eu procure uma loja da receita para fazer o acordo para pagamento,quero pagar mais não sem direito iguais a de todos os contribuintes,ainda mais com um erro gravíssimo como esse,sera que eu mesmo doente,com gastos enormes,não mereço ser respeitado,já fui julgado também pela justiça federal e condenado,tive o meu nome sujo sendo uma pessoa cumpridora dos meus deveres,sem antecedentes criminais,integro depois de velho e doente,nunca fugi as minhas responsabilidades eu só queria ter o direito de defesa como todos tem,e não ter meus direitos tirados por descaso e desinteresse,em todos os processos pelo qual respondi nunca deixei de usar a verdade,e sempre  que chamado fui me apresentei como um cidadão comum mais integro,e agora me retiram estes direitos no fim da minha vida,ao STF peço mui respeitosamente que avalie o meu caso com carinho para que eu não seja mais um dos milhões de contribuintes a ter seus direitos negados por descaso,senhores tenho 58 anos com diabetes Mellitus,hipertensão arterial,câncer na tireoide,esse Nódulo desde 2009,e agora com a visão prejudicada,e o presente que recebo deste país que eu tanto amo no final da minha vida e depois de tanto ter trabalhado,hoje precisando de ajuda e mesma me sendo negada,mais agora acho que o STF,órgão de grande respeito e atenção ao povo brasileiro ira atentar para o meu caso,quero pagar o que devo mais o valor que diz respeito e não valores dos outros obrigado e certo de sua atenção desde já agradeço.e que Deus os abençoe neste momento difícil que vive o nosso país.",http://www.stf.jus.br,10,5
stf-supremo-tribunal-federal,https://cidadao.reclameaqui.com.br/272177/stf-supremo-tribunal-federal/processos-com-quase-dois-anos-de-espera-sendo-idoso/,Processos com quase dois anos de espera sendo idoso,"
        Acredito se fosse eu a dever para a Celg a empresa em que me aposentei e eu devendo já estaria até preso como só peço meus direitos estão esperando eu morrer para pagar aos herdeiros.
Porque tanta protelada só para ganhar tempo pois ganhei em todas instâncias ?????",http://www.stf.jus.br,11,6
stf-supremo-tribunal-federal,https://cidadao.reclameaqui.com.br/221261/stf-supremo-tribunal-federal/descaso/,descaso,"
        ESTOU PRESTES A APOSENTAR  COMO SERVIDOR PÚBLICO, GANHEI UMA CAUSA DE PPP (PERFIL PROFISSIOGRÁFICO PREVIDENCIÁRIO VAI FAZER MAIS DE UM ANO , O INSS RECORREU , E EM 15/02/2014, HOUVE A REDISTRIBUIÇÃO POR SORTEIO 6ª TURMA RECURSAL DE SÃO PAULO 17º JUIZ FEDERAL DA 6ª TR SP, E DESDE A DATA SUPRA CITADA O PROCESSO CONTINUA NAQUELE LOCA A MAIS DE UM ANO, ISSO É UMA VERGONHA E DESCASO COM O TRABALHADOR, RECLAMAÇÃO ESTA QUE IRA TAMBÉM PARA AS REDES SOCIAIS, O ANO QUE VEM ME APOSENTO E AI ESSE TEMPO NÃO VALERÁ DE NADA PORQUE ESTOU TRABALHANDO QUANDO A UM ANO EU DEVERIA JÁ ESTAR APOSENTADO E DEVIDO ESSE DESCASO DE UM PROCESSO FICAR UM ANO E DOIS MESES NO TRIBUNAL PARA RECURO E NO MESMO SETOR, ESTOU QUASE CUMPRINDO O TEMPO. ISSO É BRASIL.
SILVIO LUIZ RAMOS FERREIRA
PROCESSO 00005694120124036311 DA 4ª SUBSEÇÃO JUDICIÁRIA DO ESTADO DE SÃO PAULO",http://www.stf.jus.br,12,1
stf-supremo-tribunal-federal,https://cidadao.reclameaqui.com.br/286121/stf-supremo-tribunal-federal/expedicao-de-alvara/,EXPEDIÇÃO DE ALVARÁ,"
        Senhores,
Venho por meio deste informar sobre o descaso no atendimento no Fórum Ruy Barbosa, 20º comarca na cidade de Salvador-BA.
Contratei um advogado para tratar de um procedimento sobre taxas abusivas de financiamento de um veículo e foi realizado a decisão judicial: 
Depositar  42 parcelas de um determinado valor. Solicitei a expedição do alvará há 01 ano e até o momento não foi liberado pela juiza.    informam que tem  mais de 100 pessoas e o advogado simplesmente informa que estão se preocupando com quem fica ou sai do poder. Eu não posso ficar esperando o caos político,além de atualmente está desempregada, preciso pagar meus estudos e me alimentar para que eu não morra de fome. Estou com cadastro negativo no Banco do Brasil de R$21.876,00. Impossibilitada de crédito na praça.
Preciso de uma compreensão para que eu possa sacar imediatamente este R$.
Processo n° 00687620720100850001",http://www.stf.jus.br,13,2
stf-supremo-tribunal-federal,https://cidadao.reclameaqui.com.br/307152/stf-supremo-tribunal-federal/processo-trabalhista-no-stf-desde-2009/,Processo trabalhista NO STF DESDE 2009,"
        MEU PROCESSO TRABALHISTAQ ESTA PARADO NOSTF DESDE 2009 SEM SOLUÇÃO.. 
CONSULTAS  Andamento Processual  2ª Instância 
Acompanhamento Processual em 2ª Instância
PODER JUDICIÁRIO FEDERAL
Justiça do Trabalho - 2ª Região
PROCESSO     : 01591200446202002    RECURSO ORDINÁRIO                       
PROC. ORIGEM : 1591/2004      02ª VT de S. B. do Campo                      
RECORRENTE VOLKSWAGEN DO BRASIL LTDA                                        
Advogado(a)   LUIZ CARLOS AMORIM ROBORTELLA                                
RECORRIDO LUIZ ANTONIO PRATALI                                              
Advogado(a)   DAWSON MORAES                                                
CLASSE       :  PROCESSO AUTUADO ANTES DE 01/10/2008                
LOCALIZAÇÃO  : JUIZO DE PRIMEIRO GRAU                                       
SITUAÇÃO     : JULGADO C/ RR DEN + AI ENVIADO TST  E AUTOS VT",http://www.stf.jus.br,14,3
stf-supremo-tribunal-federal,https://cidadao.reclameaqui.com.br/254963/stf-supremo-tribunal-federal/processo-judicial-receita-federal/,Processo judicial - Receita Federal.,"
        Processo 0004919.06.2006.4.01 38 00   Relatoria do desembargador Dr. Hércules Fajoses.
Ganhei em 1a instancia e não houve resolução. Estou precisando da quantia que foi depositada em juízo.
Cansei de cobrar do advogado contratado em Brasilia. Aguardo resolução urgente!",http://www.stf.jus.br,15,4
stf-supremo-tribunal-federal,https://cidadao.reclameaqui.com.br/235876/stf-supremo-tribunal-federal/falta-de-informacoes-sobre-o-fies/,Falta de Informações sobre o FIES,"
        No dia 27/05/2015, saíram reportagens informando que o relator Luís Roberto Barroso determinou que o Ministério da Educação (MEC) deveria avaliar as inscrições de quem tentou fazer o cadastro e encontrou problemas no site do FIES. (http://g1.globo.com/educacao/noticia/2015/05/mec-tera-que-analisar-pedido-de-fies-de-afetados-por-falha-em-site-diz-stf.html)
Tentei realizar as inscrições diversas vezes durante o período e não consegui.
Possuo provas de que tive problemas com o site, porém não consigo provar em lugar algum. Não há instruções no site do Supremo Tribunal Federal, há apenas a liminar com a informação.
Eu estudo Engenharia Civil na PUC-Rio, estou no 4º ano da faculdade, meu pai foi demitido e, assim, não temos mais condições de pagar as mensalidades da instituição. Estou tentando todas as oportunidades que aparecem e o FIES é a principal, e atualmente única, solução para que eu consiga continuar com os meus estudos.
Quando tentava me cadastrar, na última etapa de escolha da instituição, aparecia que não haviam mais bolsas para o curso na minha universidade. Tenho uma foto desta tela.
Porém, possuo e-mails trocados com a reitoria da faculdade, informando que haviam bolsas ainda e que era erro do site.
Preciso muito desta chance de ser analisada. Não posso parar os meus estudos.
Espero que vocês possam me apoiar.
Agradeço desde já!",http://www.stf.jus.br,16,5
stf-supremo-tribunal-federal,https://cidadao.reclameaqui.com.br/277725/stf-supremo-tribunal-federal/falta-de-hombridade/,Falta de hombridade.,"
        Boa noite.
Ilustríssimos Senhores (as) Ministros (as)
STF - Supremo Tribunal Federal
Diante dos fatos tão sabidos por todos da corrupção endêmica no Brasil, e os senhores (as) que se dizem guardiões da Constituição Federal, eu e toda a nação brasileira queremos saber que tipo de guarda os senhores (as) estão fazendo?
Todos os atos praticados por essa corja de bandidos travestidos de deputados, senadores, ex-presidente, aliados de toda sorte tem roubado o nosso país, deixando a população brasileira estupefata sem condição de pedir socorro, esperando uma atitude plausível por parte dos senhores e nada acontece, muito pelo contrário, o que assistimos é um circo de horrores, mentiras e deboches para com todos os trabalhadores brasileiros. 
Confiar em quem? – Quando o órgão máximo da nação se encontra em acobertamento das falcatruas desses envolvidos desde o mensalão a Lava jato.
O Brasil está agonizando, desemprego galopante pelo fechamento de dezenas de empresas de porte médio a grande, em todo o país só postos de trabalho sendo fechados, e não temos visto nenhuma ação positiva em favor do Brasil por parte dos senhores.
O Brasil já quebrou faz tempo, desde que caiu nas mãos dos partidos vinculados ao Foro de São Paulo, mais especificamente PT, PSDB/PMDB, tecnicamente segundo dados do IBGE, Empiricus o Brasil já faliu, o que os senhores querem mais para apurar, julgar e punir os causadores dessa desgraça e vergonha em nossa nação? – Todos sabemos quem são os principais atores dessa vergonha global, ele tem nome e sobrenome e é citado para depor pelo MP, os senhores não podem negar isso, não podem querer iludir a população brasileira com possibilidades ridículas de “brechas na lei”, aliás, essa relutância do Lula em não ir depor só comprova o óbvio, é  gritante o desrespeito a população brasileira na blindagem que fizeram a ele, e os senhores Ministros e Ministras tem o dever de ofício, e a obrigação moral de pedir a prisão desse homem que tanto mal tem feito a nação brasileira, juntamente a cassação do mandato de Dilma, e todos os aliados a essa grande farsa que foi a eleição que “elegeu” a Presidente, saiba que não me sinto representada por nenhum corrupto.
Aguardando postura ética, moral e responsabilidade dos senhores (as) guardiões da Constituição Federal, que cumpram com o seu papel para o bem da Nação brasileira e de toda a população que cansada das mentiras dos diversos políticos, não bastasse agora não poder mais ter a confiança nos órgãos públicos e judiciário.
Estamos acompanhando toda a movimentação política e a população trabalhadora que representa o nosso país não tem mais tolerância diante das mentiras e cinismos dos governantes, queremos que o STF cumpra o seu dever e não se alie ao socialismo/comunopetismo.",http://www.stf.jus.br,17,6
stf-supremo-tribunal-federal,https://cidadao.reclameaqui.com.br/279046/stf-supremo-tribunal-federal/falta-de-hombridade/,Falta de hombridade.,"
        Ilustríssimos Senhores (as) Ministros (as)
STF - Supremo Tribunal Federal
Diante dos fatos tão sabidos por todos da corrupção endêmica no Brasil, e os senhores (as) que se dizem guardiões da Constituição Federal, eu e toda a nação brasileira queremos saber que tipo de guarda os senhores (as) estão fazendo?
Todos os atos praticados por essa corja de bandidos travestidos de deputados, senadores, ex-presidente, aliados de toda sorte tem roubado o nosso país, deixando a população brasileira estupefata sem condição de pedir socorro, esperando uma atitude plausível por parte dos senhores e nada acontece, muito pelo contrário, o que assistimos é um circo de horrores, mentiras e deboches para com todos os trabalhadores brasileiros. 
Confiar em quem? – Quando o órgão máximo da nação se encontra em acobertamento das falcatruas desses envolvidos desde o mensalão a Lava jato.
O Brasil está agonizando, desemprego galopante pelo fechamento de dezenas de empresas de porte médio a grande, em todo o país só postos de trabalho sendo fechados, e não temos visto nenhuma ação positiva em favor do Brasil por parte dos senhores.
O Brasil já quebrou faz tempo, desde que caiu nas mãos dos partidos vinculados ao Foro de São Paulo, mais especificamente PT, PSDB/PMDB, tecnicamente segundo dados do IBGE, Empiricus o Brasil já faliu, o que os senhores querem mais para apurar, julgar e punir os causadores dessa desgraça e vergonha em nossa nação? – Todos sabemos quem são os principais atores dessa vergonha global, ele tem nome e sobrenome e é citado para depor pelo MP, os senhores não podem negar isso, não podem querer iludir a população brasileira com possibilidades ridículas de “brechas na lei”, aliás, essa relutância do Lula em não ir depor só comprova o óbvio, é gritante o desrespeito a população brasileira na blindagem que fizeram a ele, e os senhores Ministros e Ministras tem o dever de ofício, e a obrigação moral de pedir a prisão desse homem que tanto mal tem feito a nação brasileira, juntamente a cassação do mandato de Dilma, e todos os aliados a essa grande farsa que foi a eleição que “elegeu” a Presidente, saiba que não me sinto representada por nenhum corrupto.
Aguardando postura ética, moral e responsabilidade dos senhores (as) guardiões da Constituição Federal, que cumpram com o seu papel para o bem da Nação brasileira e de toda a população que cansada das mentiras dos diversos políticos, não bastasse agora não poder mais ter a confiança nos órgãos públicos e judiciário.
Estamos acompanhando toda a movimentação política e a população trabalhadora que representa o nosso país não tem mais tolerância diante das mentiras e cinismos dos governantes, queremos que o STF cumpra o seu dever e não se alie ao socialismo/comunopetismo.",http://www.stf.jus.br,18,1
stf-supremo-tribunal-federal,https://cidadao.reclameaqui.com.br/280260/stf-supremo-tribunal-federal/idoso/,IDOSO,"
        Por mais incrível que pareça, a ANATEL e o STF, se posicionam a favor das operadoras de telefonia fixa e móvel, no que tange a FIDELIZAÇÃO mínima de 12 meses.
Minha mãe, idosa e aposentada, tentando uma linha de baixa renda foi induzida pelos atendentes a utilizar uma linha normal, com preços módicos e uns poucos minutos mensais. Agora, ante a crise econômica e não vendo mais utilidade para uma linha fixa, tentou pedir o desligamento, negado pela operadora, no caso a OI. 
Eu mesmo liguei para a operadora e pedi a gravação do dia em que venderam o plano para a IDOSA E APOSENTADA, mas a lei permite que em seis meses a operadora não tenha mais as gravações.
Existe uma fidelidade de 12 meses, que NÃO FOI DITA para a IDOSA APOSENTADA, que perdura até JULHO deste ano, mas as gravações não existem.
Infelizmente com o apoio dos serviços públicos, que deveriam proteger os cidadãos, ficamos a mercê das operadoras de telefonia, que pintam e bordam.
Cianus Colossi
Eldorado do Sul - RS",http://www.stf.jus.br,19,2
stf-supremo-tribunal-federal,https://cidadao.reclameaqui.com.br/268736/stf-supremo-tribunal-federal/falta-de-vergonha-e-pudor/,Falta de vergonha e pudor,"
        É vergonhoso assistir um ministro do Supremo Tribunal Federal, tomar partido de uma organização criminosa chefiada pelo ex-presidente Lula, e Dilma que indicaram a grande maioria dos Ministros da Corte, e que estão escancaradamente a serviço do governo e do PT. Vale ressaltar que o ministro Dias Toffoli, foi o único que não se deixou levar pelo favorecimento a maior quadrilha organizada que já surgiu no mundo. Nem Saddam Hussein, ousou roubar tanto.É revoltante assistir um ministro como Roberto Barroso, proteger essa quadrilha com argumentos ""chulos"" e acintosos,  a favor da presidente Dilma e do PT. Assim também como como o presidente Lewandowski, um pau mandado de Lula . Será que eles se esquecem que tem família, se é que têm? Gente desse tipo nem consegue constituir família. Que seus filhos e netos, serão marcados para sempre pela sociedade? E que eles serão considerados traidores da Pátria no futuro, verdadeiros bandidos. O Brasil não merece essa praga  de políticos e juízes corruptos. Deus Salve o Brasil, da Câmara dos Deputados, do Senado Federal e principalmente do Supremo Tribunal Federal, onde está o maior perigo desta Nação, ministros selecionados a dedo, para serem manipulados pelo PT e pela corrupção.",http://www.stf.jus.br,20,3
stf-supremo-tribunal-federal,https://cidadao.reclameaqui.com.br/256205/stf-supremo-tribunal-federal/cidadao-sendo-instado-a-praticar-pressao-popular/,Cidadão sendo instado a praticar pressão popular,"
        Prezados Senhores,
Recentemente, a Ministra Cármen Lúcia disse que as pessoas precisam pensar como os canalhas, num contexto de que o cidadão precisa reclamar mais. Pode ler o contexto no site http://www.nordestenoticia.com.br/leia-tambem22/ministra-carmen-lucia-diz-que-brasileiros-precisam-fazer-mais-do-que-reclamar-para-mudar-o-pais/
O Vereador Gilberto Natallini diz que o cidadão precisa praticar pressão popular.
A imprensa diz que o político tem medo de quando o povo se revolta.
Volta e meia tem alguém instigando as pessoas à desordem popular.
Porém, quando o povo faz isto, a polícia vem e desce o cacete.
Eu sempre pensei que a justiça e polícia existissem para que não precisássemos nos estapear pelas ruas.
Eu tenho reclamado no Ministério Público Federal a respeito de várias coisas, entre elas, um funcionário de banco que me ligou oferecendo um empréstimo da Dilma, vejam só, e isto antes das eleições de 2014. A funcionária insistia muito  que era um empréstimo da Dilma. Acho o cúmulo da safadeza uma presidente mandar o Banco agir desta maneira.
O Povo saiu em peso às ruas, mas foi sabotado por gente inescrupulosa sabe-se lá, a mando de quem, e provocaram baderna.
Eu quero saber o seguinte, se eu for seguir o que a Ministra Cármen Lúcia e Gilberto Natallini e outros, dizem, terei de virar um terrorista.
A lei não basta? Pelo pouco que sabemos que o Deputado Eduardo Cunha andou aprontando, já era pare ele ter sido removido algemado do Congresso. Pelo pouco que sabemos do que o Congresso inteiro andou aprontando, era para todos terem perdido ao menos os diplomas eleitorais.
O Brasil está afundando. Os políticos não tem hombridade suficiente para agir pela nação.
Eu não entendo este pedido de pressão popular. O povo votou conforme via na propaganda política, não entregaram o produto conforme especificado, para piorar, roubaram os cofres públicos.
Eu quero a execução da lei, não vou sair pelas ruas gritando feito um louco, porque não sou dado a isto. Por enquanto...
Sem mais
Heitor A V Bonfim",http://www.stf.jus.br,21,4
stf-supremo-tribunal-federal,https://cidadao.reclameaqui.com.br/241099/stf-supremo-tribunal-federal/justica-brasileira/,Justiça brasileira,"
        Eu não entendo a justiça brasileira porque QUEM ROUBA MILHÕES pega prisão domiciliar e quem rouba um pote de margarina pega cadeia em regime fechado. A lei não deveria ser igual para todos? Um rico mata, reu confesso e fica solto. Já o pobre vai para a prisão. Gostaria que aalguem me ESCLARECESSE. Aliás, não só a mim, mas a todos os brasileiros que não entendem a nossa justiça.",http://www.stf.jus.br,22,5
stf-supremo-tribunal-federal,https://cidadao.reclameaqui.com.br/283488/stf-supremo-tribunal-federal/incitacao/,Incitação,"
        É como muita tristeza que vejo a excelentíssima presidente da república, esbravejar publicamente que está sofrendo um Golpe! 
Estamos presenciando um acontecimento histórico na democracia brasileira. Onde, quadrilhas infiltradas nas esferas políticas são desmanteladas e parte do dinheiro desviado dos cofres públicos são recuperados.
Ela tem todo direito de se defender, porém, jamais incitar a população. Ao contrário do que faz, deveria defender o trabalho e cumprimento das leis, independente de amizade ou grau parentesco. 
Deveria seguir os conselhos do porta voz da ONU:
""Pedimos ao governo, bem como aos políticos dos outros partidos, que cooperem completamente com as autoridades judiciais nas suas investigações (...) e que evitem ações que poderiam ser construídas como forma de obstruir a justiça"", disse porta-voz.
""Estamos preocupados que um círculo vicioso possa estar se desenvolvendo o que arrisca desacreditar tanto o Executivo quanto o Judiciário, causando assim sérios danos de longo prazo ao Estado e às conquistas democráticas feitas nos últimos 20 anos durante os quais o Brasil foi governado sob uma Constituição que dá fortes garantias aos direitos humanos"", disse Rupert Colville.",http://www.stf.jus.br,23,6
stf-supremo-tribunal-federal,https://cidadao.reclameaqui.com.br/356177/stf-supremo-tribunal-federal/deus-nao-esta-com-voces/,DEUS NAO ESTA COM VOÇES,"
        PORQUE CAUSA DOS Elmos SR,EU HOJE NAO POSSO DAR UMA CASA PARA MINHA ESPOSA,NEM MESMO UMA MELHOR QUALIDADE DE VIDA PARA MEUS FILHOS,SENDO ASSIM EU VOS AMALDIÇOO,A VOÇES SEU FILHOS,SEUS NETOS,ATE A QUARTA GERAÇÃO DOS SEUS,SEJAM MALDITOS,A TERRA EM QUE VOSSOS PÉS PISAREM SEJAM DESERTO SEM VIDA,POS DEUS NAO ESTA COM VOÇES,POS SEUS PÉS CORREM PARA FAZER O MAL..",http://www.stf.jus.br,24,1
stf-supremo-tribunal-federal,https://cidadao.reclameaqui.com.br/341824/stf-supremo-tribunal-federal/processo-9211952-24-2009-8-26-000/,PROCESSO 9211952-24.2009.8.26.000,"
        Boa tarde,
Excelentíssima Senhora Carmem Lucia, Presidente do STF, eu tenho como milhares de pessoas necessitando e querendo sua prova de Habilidade, colocando em ordem os Serviços do STF.
Os processos são engavetados por muitos anos pelo STF sobre os planos econômicos de poupança.
Os ministros continuam protegendo os Banqueiros.
Com isso gostaria que pudessem verificar o processo abaixo que provavelmente não irei receber antes de morrer.
Processo 9211952-24.2009.8.26000
Este processo como vários estão aguardando, simplesmente porque se forem julgados os bancos não poderão fazer o pagamento.
Gostaria de receber isso em vida.
Antonio Celso Marques
CPF 038008818-53",http://www.stf.jus.br,25,2
stf-supremo-tribunal-federal,https://cidadao.reclameaqui.com.br/256837/stf-supremo-tribunal-federal/morosidade/,Morosidade.,"
        A demora da justiça brasileira no julgamento das ações é um fato comprovado
Apesar de custar bilhões ao País por ano, a Justiça é lenta e pouco eficiente no Brasil e não consegue julgar no mesmo ano nem a metade dos casos novos. Apesar disso, o Poder Judiciário tem um calo, observo ainda que não existe uma cronologia nos julgamentos, tem processos por exemplo “RE 597124, que e o de meu interesse” que já está a mais de 6 anos e ainda não a nem previsão de julgamento, as vezes me pergunto o porquê desta morosidade, não existe nenhuma justificativa,  só de observar e muito mais processos e temas entrando como repercussão geral, do que efetivamente sendo julgados e finalizados, as contas não batem, mas se olharmos temos processos de interesse de outros que nem chega a ficar um ano para ser julgado. As vezes assistindo a TV Justiça observo ainda que o serviço está muito mais preocupado em fazer uma imagem do que efetivamente executar um mutirão um desafogar as pilhas e pilhas de processos existentes, eu me envergonho toda a vez que vejo ou assisto. 
Enfim por isso eu defendo a cronologia de julgamento, uma ordem, para enfim termos um pequeno senso de atividade e justiça no serviço público.",http://www.stf.jus.br,26,3
stf-supremo-tribunal-federal,https://cidadao.reclameaqui.com.br/228396/stf-supremo-tribunal-federal/desrespeito-com-o-cidadao-doente-e-que-paga-seus-impostos-em/,Desrespeito com o cidadão doente e que paga seus impostos em dia.,"
        Boa Tarde. Sou portador de Transtorno Bipolar e tenho laudos de Psiquiatras, Neurologistas e Neuropsiquiatras. Acontece que a Juiza do caso em que coloquei o INSS na Justiça por orientação de um atendente do próprio INSS da cidade de Rio Grande-RS havia negado o pedido de antecipação de tutela por causa da primeira perícia, na segunda perícia, feita por psiquiatra ela deu ganho de causa para mim e o INSS recorreu para a TURMA RECURSAL que cancelou a sentença da juíza e pediu nova perícia com outro psiquiatra, foi realizada a mesma e constatado novamente TRANSTORNO BIPOLAR E SÍNDROME DO STRESS PÓS TRAUMÁTICO. Acontece que agora ela novamente me negou a antecipação de Tutela mesmo com o laudo favorável a mim, estou sem receber desde o mês de novembro de 2014 e tbm sem tomar a medicação para esse meu problema porque não tenho dinheiro para comprá-la. 
O nome da Juíza é Andréia Castro Dias. 
Meu nome é Marcelo Gonzales Nogueira e meu CPF é: 80394345053 caso queiram acompanhar o meu processo e pelo amor de DEUS me ajudar. Não aguento mais ter que viver de favor e me ""HUMILHANDO"" para as pessoas.",http://www.stf.jus.br,27,4
stf-supremo-tribunal-federal,https://cidadao.reclameaqui.com.br/251361/stf-supremo-tribunal-federal/falta-email-contato/,Falta email contato,"
        O STF não disponibiliza, de forma facilitada, o contato dos ministros. A exemplo cito site da câmara, onde é muito fácil enviar email aos deputados. Acredito que por uma questão de transparência assim deveria ser com os ministros.
Grato",http://www.stf.jus.br,28,5
stf-supremo-tribunal-federal,https://cidadao.reclameaqui.com.br/237832/stf-supremo-tribunal-federal/tenho-63-anos-minha-carreira-profissinal-foi-encerrada-hoje/,"Tenho 63 anos , minha carreira  profissinal foi encerrada, hoje amargo desolamento financeiro","
        Há quase 10 anos sofremos um ""calote"" da Empresa Cobra Tecnologia"" que nos mandou para Amazonia para um trabalho que seria um dos grandes trabalhos desta região esquecida: o empoderamento digital  e artisco dos jovens da região, no momento eramos uma das unicas empresas que fazia este trabalho reconhecido pelo Instituto Ayrton Senna, onde nosso diretor foi inclusive interlocutor pela qualidade de seus trabalhos . Já haviamos  criado um projeto de sucesso para  o Instituto ASA  e por ele fomos chamados a criar então novo projeto numa região esquecida chamada Gurupá, no Norte do Pará. Fomos com garra e disposiçao pois sabeiamos se tratar de um povo maravilhoso , com ideais historicos e donos de uma Natureza  magnifica. Vimos que o projeto era bem maior do que o descrito em brieffing por Frei Beto, então acessor da presidencia da Republica (2004/2005) para nossa surpresa depois da criação do projeto  com contrato operante e legal  a Cobra suspendeu nosso pagamento , sem aviso previo , quebrando o contrato e nos deixando  numa situação financeira absurda. Nunca fomos ricos, nosso trabalho era feito  por interesse e dedicação ao nosso sonho de ver ao menos os jovens de todo Brasil em situação de evolução e sensibilizados com seus pares, gerando assim uma geração saudavel, consciente e solidária realmente, não só  uma falacia demagogica.
Qual não foi a nossa surpresa qdo sem pagamento e cheios de dividas que só fazem aumentar até hoje (os gastos em contratos seriam coberto a partir de ressarcimento contra apresentação de notas fiscais) Faziamos gastos pequenos e basico, pois esta população  convivia com a carencia há dezenas de anos. Não havia superfluos e quisemos manter isso.
 Mesmo assim suspenderam nossos pagamentos nos obrigando a arcar com as depesas e quase nos fazendo ficar  presos a Gurupá sem poder voltar a nossas casas em SP e RIO.
Para completar durante 1 ano nosso projeto , com o nome do criador ficou sendo divulgado como existente pela Cobra Tecnologia fazendo parte dos Balanços da empresa. Quando já não estavamos mais lá por falta do pagamento combinado. Voltando a  São Paulo momntamos o  projeto numa comunidade proxima a nossa casa que também tinha caracteristica de carencia e mantivemos este projeto por 5 anos sem receber um centavo por ele, que era o que queriamos provar ser possivel, só com ajuda de pequenos empresarios locais . Entramos na justiça então contra a cobra para receber o que nos era devido e o nosso nome utilizado na Internet indevidamente.Nossa empresa ganhou em primeira Instancia, começaram recursos e mais recurso e hoje, diabeticos , doentes por todo este stress falidos 10 anos depois  ainda não recebemos por nosso esforço, vivemos proticamente sem recursos, individados quando poderiamos ter sido uteis como cientistas sociais a nossa população.E o pior o prrimeiro juisz ao dar ganho de causa proibiu a cascata de recursos sob pena da empresa ser penalizada, prevendo a situação. Qual nada hoje vivemos fora da sociedade sem poder trabalhar e sem reconhecimento. Cavol-se para nós uma marginalidade injusta . Precisamos deste dinheiro agora para não morrermos a mingua total pois o criador do projeto é cardiaco e não tem assistencia  medica adequada e eu estou com suspeita de cancer e não tenho como me tratar.A quem responsabilizar?O processo esta na STJ há quase 3 anos.Quem ganha com isso mesmo estando errada?Mesmo  quando temos prioridade nada é feito até quando e o que podemos contra uma justiça que me  parece no minimo desatenta? processo  9177067-18.2008.8.26.0000 (992.08.030463-9)",http://www.stf.jus.br,29,6
stf-supremo-tribunal-federal,https://cidadao.reclameaqui.com.br/268737/stf-supremo-tribunal-federal/falta-de-vergonha-e-pudor/,Falta de vergonha e pudor,"
        Falta de vergonha e pudor
É vergonhoso assistir um ministro do Supremo Tribunal Federal, tomar partido de uma organização criminosa chefiada pelo ex-presidente Lula, e Dilma que indicaram a grande maioria dos Ministros da Corte, e que estão escancaradamente a serviço do governo e do PT. Vale ressaltar que o ministro Dias Toffoli, foi o único que não se deixou levar pelo favorecimento a maior quadrilha organizada que já surgiu no mundo. Nem Saddam Hussein, ousou roubar tanto.É revoltante assistir um ministro como Roberto Barroso, proteger essa quadrilha com argumentos ""chulos"" e acintosos, a favor da presidente Dilma e do PT. Assim também como como o presidente Lewandowski, um pau mandado de Lula . Será que eles se esquecem que tem família, se é que têm? Gente desse tipo nem consegue constituir família. Que seus filhos e netos, serão marcados para sempre pela sociedade? E que eles serão considerados traidores da Pátria no futuro, verdadeiros bandidos. O Brasil não merece essa praga de políticos e juízes corruptos. Deus Salve o Brasil, da Câmara dos Deputados, do Senado Federal e principalmente do Supremo Tribunal Federal, onde está o maior perigo desta Nação, ministros selecionados a dedo, para serem manipulados pelo PT e pela corrupção.",http://www.stf.jus.br,30,1
anac-agencia-nacional-de-aviacao-civil,https://cidadao.reclameaqui.com.br/357540/anac-agencia-nacional-de-aviacao-civil/nao-recebo-resposta-da-anac-sobre-habilitacao-tecnica-de-mec/,Não recebo resposta da ANAC sobre Habilitação Técnica de Mecânico de Manutenção nº 118909 -,"
        Bom Dia!
Em 2015, exatamente no dia 10/02/17, fizemos a solicitação através de ordem de serviço para revalidação da carteira de mecânico do Sr. Jeff Carlos Celestino, e enviado a Anac, gerado a Ordem de Serviço, porém não concluído, devido ao sistema, depois de gerado a ordem de serviço é necessário entrar em outra tela e adicionar alguns documentos. No atual mês descobrimos o processo como funciona, acreditando estar tudo correto, porém numa auditoria visto pelos auditores que não estava válida, então fomos fazer a pesquisa quando nos deparamos com as demais etapas do processo.  Foi dado continuação no processo em 01/12/17, e nada resolvido, até que nos informam em 14/12/17 que havia um documento que estava desconforme,  com um detalhe, segundo os atendentes informaram que estavam enviando e-mail para um e-mail antigo, muito embora tenham recebido as solicitações de um e-mail válido.  Detalhe outro que foi peticionado também a carteira de um outro funcionário em dia e no outro estava válido no sistema ANAC.  Bem, hoje é dia 19/12/17, e até o momento, não conseguimos mais falar no setor, não conseguimos uma resposta por e-mail, sendo reiterado todos os dias pela manhã e a   tarde, já recorremos a reclamação da ANAC no 163, em Brasilia, e nos informam que tem 21 dias para responder ao questionamento, quando o dever de resposta e de entrega do funcionário publico difere deste prazo. Então recorremos a este Instituto para que nos auxilie no direito de receber, do funcionário que depende da carteira de Mecânico de Manutenção (GMP/CEL),  para continuar suas atividades laborais.  Segue o numero da solicitação 245369/15 de 10/02/2015, protocolo SEI 00065569147201711. Já fizemos inúmeras ligações e não atendem, não respondem e-mail´s, e assim segue, o cidadão que necessita do documento para trabalhar, não consegue alcançar seus diretos em função da negligência e  imperícia  do funcionário publico que não quer trabalhar por ser "" funcionário publico"". Colocaremos alguns números de telefones que estamos tentando ligar e não atendem:  reclamação feita na ANAC no numero 163 em Brasilia  sob nº de protocolo: 20170100585 de 19/12/17, fones que não atendem no Rio de Janeiro, onde se estabelece o Setor de Habilitação:  (21) 3501-5646, 3501-5541, 3501-5293, 3501-5302, 3501-5606, 3501-5595. Solicitamos que este Instituto faça valer os direitos inerentes do cidadão civil. 
Atenciosamente, aguardamos um breve retorno. 
 Regina",http://http://www.anac.gov.br/,31,2
anac-agencia-nacional-de-aviacao-civil,https://cidadao.reclameaqui.com.br/376588/anac-agencia-nacional-de-aviacao-civil/importunio-aos-passageiros-coacao-e-venda-irregular-de-assin/,"Importunio aos passageiros, coação e venda irregular de assinatura de revistas","
        Dia 23 de Abril ( segunda feira) estava no aeroporto de Congonhas me preparando para embarcar, quando fui subir na escada rolante para a área de embarque, uma mulher me abordou perguntando se eu residia no Brasil, como ela estava vestida com um terninho preto e parecia funcionária do aeroporto, eu respondi que sim e ela disse que brasileiros teriam que pegar uma senha e me dirigiu para uma área que fica embaixo ao lado da escada rolante, quando percebi, estava em um balcão da Editora Três, e já me rodeavam falando que eu tinha ganho uma senha e etc e tal...quando me toquei da situação , virei as costas e voltei para a escada rolante, com eles gesticulando e falando besteiras. Enfim , embarquei e pensando que estaria mais segura e protegida dentro do salão de embarque me enganei! Fui surpreendida com outro balcão , agora da Editora Globo e vieram me dar um folheto com uma senha que teria acesso as revistas, porém para liberarem a senha precisavam do meu cartão de credito. fiquei muito irritada com a situação e falei que não iria cair naquele golpe, pois esta forma de venda de assinaturas é irregular. Tirei uma foto do estande e disse que iria abrir uma reclamação. A partir dai começou uma séria de ameaças , fui importunada durante muito tempo, me seguiam, me filmalvam e ameaçava, que eu não iria conseguir embarcar. Procurei por seguranças, mas não encontrei. Fui a policia Federal pedir ajuda, mas o que percebi é que as tais moças (duas mulhers me seguiam) conheciam a moça da Policia Federal e também a outra moça responsável pela área comercial do aeroporto. Duarnte todo tempo elas me ameaçaram e falavam que eu poderia reclamar o quanto quisesse, pois não iria acontecer nada, tinham certeza da impunidade!
Conversando com outros funcionários do aeroporto (funcionários de loja e as moças responsáveis pelo embraque) elas falaram que já tiveram muitos problemas com estas editoras e que também são ameaçadas para não contarem nada...um absurdo total!!!
Estas editoras oferecem malas também, mas depois de posse de daos de seu cartão, cobranças de assinaturas indevidas começam a ser creditadas e para cancelar  (o que é bem difícil) você tem que pagar a tal mala ""que era brinde"", cobram em torno de quatrocentos reais uma mala que é vendida no centro de São Paulo por oitenta Reais.
“Essas práticas enganosas estão previstas no Código de Proteção e Defesa do Consumidor nos artigos 30 e 31. Isso sem falar que nessa relação de consumo existe o vício no consentimento do consumidor na aquisição de assinaturas de publicações, renovações automáticas de assinatura e cobranças indevidas em cartões de crédito ou conta bancária”,
Vou reclamar no PROCON, no Ministério Público e em todas as redes sociais possíveis, pois nesta época que estamos lutando contra a corrupção, acho um absurdo o Aeroporto colocar estes estandes de vendas enganosas, tirando a paz e a segurança de seus clientes.
Olhando na internet , vi que esta prática esta acontecendo em todos aeroportos do Brasil, a quantidade de reclamações são um número bastante consistente, isto que muitas pessoas não devem reclamar e ficam remoendo o prejuízo, principalmente pessoas idosas que muitas vezes não tem paciência e ou recursos para reclamar, pois muitas não usam o computador e por telefone a burocracia e o tempo que leva é desencorajador.
Peço aos responsáveis que pensem nos clientes e deixem de pensar só em dinheiro (tenho certeza que poderiam colocar estandes de outros produtos mais agradáveis) Pensem melhor no conforto e paz de seus clientes, pois o Aeropoprto se prejudica com estas práticas e perdem a credibilidade, não só os aeroportos mas prejudica nosso Brasil!
Espero retorno
Cibele Barroco",http://http://www.anac.gov.br/,32,3
anac-agencia-nacional-de-aviacao-civil,https://cidadao.reclameaqui.com.br/293230/anac-agencia-nacional-de-aviacao-civil/reembolso-de-passagem-aerea/,Reembolso de passagem aérea,"
        Prezados, boa tarde.
No começo da tarde de hoje entrei em contato com a empresa DECOLAR para efetuar o cancelamento de passagem aérea comprada por intermédio desta empresa com a GOL, cujo o destino da viagem seria CURITIBA-SAO PAULO. No entanto, a empresa me disse que não faria reembolsos e se eu desejasse avançar com o cancelamento deveria arcar com uma taxa de R$ 250 além de não ter certeza se os valores da passagem seriam reintegrados a minha pessoa.
Assim, espero registrar tal reclamação no anseio de que essa Agência possa tomar alguma atitude contra os arbítrios da companhia aérea e da intermediária.
Atenciosamente,
Sean Abib",http://http://www.anac.gov.br/,33,4
anac-agencia-nacional-de-aviacao-civil,https://cidadao.reclameaqui.com.br/302504/anac-agencia-nacional-de-aviacao-civil/anac-se-diz-ineficaz-diante-das-empresas-aereas/,ANAC - Se diz ineficaz diante das empresas aéreas,"
        Minha sogra viajou de Brasília para São Paulo (CGH) na AVIANCA dia 17/09/16, vôo 6061. A escada colocada na aeronave para descida estava bambeada ou não encaixada corretamente. Ela teve tontura e CAIU ao subir no ônibus para plataforma de desembarque machucou a perna (hematomas) e cortou o pé. Nenhum funcionário da AVIANCA ou do aeroporto a socorreu. Por ser diabética, os ferimentos complicaram a saúde dela. Reclamei à AVIANCA, mas eles não retornam aos CLIENTES e NÃO POSSUEM OUVIDORIA.
Reclamei à ANAC que disse :
""Em referência à sua solicitação, informamos que de acordo com o art. 2º da Lei 11.182, de 27 de setembro de 2005, compete à ANAC regular e fiscalizar as atividades de aviação civil e de infraestrutura aeronáutica e aeroportuária.
Não há na legislação de aviação civil, norma atinente a prestação de serviços por parte da empresa aérea, por prestação de serviço entenda-se cordialidade de tripulação, maneiras de atendimento, entre outros fatores que influenciam na percepção do passageiro, entende-se que o bom tratamento dos passageiros bem como sua captação e fidelização devem fazer parte da política de negócios da empresa para com seus passageiros.""
Ou seja, se um passageiro se machucar, cair da escadaria frouxa,  quebrar o braço, perna, quebrar o pescoço, e morrer (isto cabe a anac proibir e fiscalizar) = NÃO é responsabilidade da anac e nem das empresas aéreas. Em outras palavras ""todos os passageiros que fazem uso do transporte aéreo estão entregues a própria sorte""
Vejo que os responsáveis da anac não entendem ou desconhecem a lei que citaram no primeiro parágrafo. Vou lembra-los:
Art. 8º- Cabe à ANAC adotar as medidas necessárias para o atendimento do interesse público e para o desenvolvimento e fomento da aviação civil, da infra-estrutura aeronáutica e aeroportuária do País, atuando com independência, legalidade, impessoalidade e publicidade, competindo-lhe:
X – regular e fiscalizar os serviços aéreos, os produtos e processos aeronáuticos, a formação e o treinamento de pessoal especializado, os serviços auxiliares, a segurança da aviação civil, a facilitação do transporte aéreo, a habilitação de tripulantes, as emissões de poluentes e o ruído aeronáutico, os sistemas de reservas, a movimentação de passageiros e carga e as demais atividades de aviação civil;
É mais uma agência criada com dinheiro público e que não atende aos interesses e necessidades da população. 
Att.
Ivan",http://http://www.anac.gov.br/,34,5
anac-agencia-nacional-de-aviacao-civil,https://cidadao.reclameaqui.com.br/322730/anac-agencia-nacional-de-aviacao-civil/atraso-de-mais-de-tres-horas-em-voo-da-gol/,atraso de mais de três horas em voo da Gol.,"
        O Voo da Gol G3 1571 de Salvador para congonhas, do dia 18/3/17 que deveria sair as 13,10hs só levantou voo por volta das 16,30hs, 
É obvio que, na aviação, se sabe que contratempos podem ocorrer, porem como passageiro idosos que sou, viajando junto com minha esposa, idosa e portadora de protese femural, creio que nós, como qualquer outro passageiro, mereceriamos uma consideração melhor dessa empresa. Senão vejamos, ficamos por mais de três horas aguardando o voo sem que alguem da Gol desse qualquer explicação, ou oferecesse um mísero  copo dagua. E, o que é pior, depois que embarcamos ainda tivemos que aguardar intermináveis minutos para liberação do voo. Quando este saiu, tempos depois, foi nos oferecido: um pacotinho com quatro diminutas bolachinhas horrorosas (quatro mesmo, contadas uma a uma) e um copinho de água. Eu não sei, e por isso estou questionando junto a esse serviço se, em atrasos dessa magnitude, a companhia aérea não deveria, pelo menos, providenciar algum tipo de alimentação aos passageiros que ficam ""jogados"" , por horas, nas pessimas acomodações de aeroportos, sujeitos, ademais, a terem que se alimentar por conta própria, e serem submetidos preços escorchantes.
sergio alvares",http://http://www.anac.gov.br/,35,6
anac-agencia-nacional-de-aviacao-civil,https://cidadao.reclameaqui.com.br/313000/anac-agencia-nacional-de-aviacao-civil/para-que-existe-a-anac/,PARA QUE EXISTE A ANAC?,"
        FIZ UMA RECLAMAÇÃO HÁ MAIS DE 8 MESES.NÃO RECEBI RESPOSTA ALGUMA.PARA QUE SERVE A ANAC?",http://http://www.anac.gov.br/,36,1
anac-agencia-nacional-de-aviacao-civil,https://cidadao.reclameaqui.com.br/296994/anac-agencia-nacional-de-aviacao-civil/reembolso-de-valor/,Reembolso de valor,"
        No dia 9/07 eu,  minha esposa e meu filho ocupávamos os assentos da fileira 14 DEF  aeronave da TAM  que deveria sair das 01:15 do aeroporto de santiago ( Chile )  com destino a são paulo e ocorreu  que havia uma movimentação de despachantes e comissários dentro da aeronave  pois uma das poltronas apresentou problemas e como o voo estava lotado não havia como remanejar o passageiro que estava neste assento. 
Foi oferecido ao passageiro o valor de $ 408,00 dólares americanos para que este fosse remanejado para outro voo porem houve a recusa do mesmo e desta forma a aeronave continuava em terra. O despachante e os comissários buscaram algum voluntário que preferencialmente não havia despachado bagagem para não atrasar ainda o voo e desta forma resolvi ajudar na questão pois minhas bagagem poderiam ser retiradas pela minha esposa e filho. 
Sai da aeronave acompanhado pelo despachante e outro funcionário do aeroporto  e fui colocado dentro de um carro estacionado na pista e conduzido a outra aeronave da TAM já estacionada e com embarque iniciado.  Entrei no túnel de embarque pelo piso da pista e conduzido até o funcionário da TAM que faz a checagem dos tickets de embarque e este via rádio passou a outro funcionário todas minhas informações pessoais ( nome, endereço telefone e conta bancária) e me informou que a empresa faria o depósito do valor de $ 408,00 dolares americanos em 48 horas. 
Como nada ocorreu neste prazo liguei para o serviço de atendimento da TAM e fui informado que deveria abrir uma reclamação e aguarda o prazo de 5 dias úteis para ter um posicionamento da empresa e fui o que fiz numero do processo 2962551 e ao términio deste prazo liguei para obter informação a respeito e não havia nada a ser informado , apenas abrir mais uma reclamação da reclamação não atendida. 
Resumo : Ajudei a TAM a resolver um problema que poderia ocasionar mais atraso no voo , não recebi o que me foi prometido, e estou tendo que reclamar para ser espeitado como cliente e consumidor .",http://http://www.anac.gov.br/,37,2
anac-agencia-nacional-de-aviacao-civil,https://cidadao.reclameaqui.com.br/293668/anac-agencia-nacional-de-aviacao-civil/desrespeito-ao-consumidor/,DESRESPEITO AO CONSUMIDOR,"
        FIZ RECLAMAÇÃO NA ANAC SOBRE EXTRAVIO DE BAGAGEM PELA ALITALIA .CONTUDO,NÃO CONSIGO ACESSAR MINHA RECLAMAÇÃO E SEU ANDAMENTO,POIS O 08007254445 ESTÁ DESATIVADO.E O PROCESSO PEDI UMA INFORMAÇÃO DE MARCA A QUAL NÃO TENHO?????????SERVIÇOS PÚBLICOS BRASILEIROS NOS TORNAM PIADAS MUNDIAIS.VERGONHOSO.",http://http://www.anac.gov.br/,38,3
anac-agencia-nacional-de-aviacao-civil,https://cidadao.reclameaqui.com.br/307314/anac-agencia-nacional-de-aviacao-civil/lei-sobre-cobranca-de-bagagem/,LEI SOBRE COBRANÇA DE BAGAGEM,"
        Gostaria que fosse verificado sobre uma lei que esta tramitando para aprovação no sentido de cobrar todas as bagagens que não sejam de mão... vou deixar o link abaixo para que possam dar uma olhada.... resolvi fazer essa reclamação pois acho isso um absurdo, ja que os preços das passagens são para o padrão do consumidor brasileiro muito alto mesmo com as promoções, portanto acredito que se essa lei for aprovada  o consumidor ira perder ... mas as empresas também... estou deixando o link para que seja analisado e verificado... e espero que o reclame aqui possa ajudar igualmente como fizemos no periodo que quiseram cobrar de forma diferenciada a internet nas residências. 
Espero retorno. 
Obrigada
http://todosabordo.blogosfera.uol.com.br/2016/12/07/anac-deve-aprovar-na-semana-que-vem-fim-da-bagagem-gratis-em-voos/",http://http://www.anac.gov.br/,39,4
anac-agencia-nacional-de-aviacao-civil,https://cidadao.reclameaqui.com.br/337162/anac-agencia-nacional-de-aviacao-civil/total-desrespeito-falta-completa-de-assistencia-e-descumprim/,"Total desrespeito, falta completa de assistência e descumprimento de regras da ANAC (dia das mães)","
        Comprei passagem para o dia 14/05/2017 (Dia das mães), companhia Avianca, voo FLN-BSB (Florianópolis - Brasília), saída 07:55, chegada 10:10 (voo direto).
Acontece que ao chegar no aeroporto às 6h20 (mais ou menos), a primeira informação que foi dada é que o voo estava atrasado e com previsão de partida às 09h00. Ou seja, já sabiam com antecedência que o voo iria atrasar mas a companhia não entrou em contato com os passageiros, para ao menos avisar e propor alguma solução. As informações dadas por funcionários da Avianca no aeroporto colocavam como causa o mau tempo no aeroporto de Chapecó, mas as informações meteorológicas do dia anterior já deixavam claro que o aeroporto estaria sem condições de decolagem na manhã do dia seguinte. Ou seja, a Avianca sabia que o voo não partiria em seu horário habitual desde a noite anterior.
Passado esse horário, procuramos informação sobre o voo e foi dada pelo funcionário da Avianca nova estimativa de partida às 10h00, depois tal estimativa foi para 10h30. Ao procurar informações depois desse horário, a estimativa foi que a partida seria às 11h30. Acabou que o avião partiu 13h00 aproximadamente. Um atraso de 5 horas, onde a empresa pouco se importou com o bem-estar do passageiro.
Quando o atraso tornou-se superior a 2 (duas) horas, solicitei ao funcionário da Avianca voucher para alimentação. O mesmo disse que não havia alimentação ou voucher disponível, desrespeitando as regras da ANAC, conforme está disponível em http://www2.anac.gov.br/publicacoes/arquivos/Dicas_ANAC_Atrasos_e_Cancelamentos_web.pdf:
A partir de 2 horas: alimentação (voucher, lanche, bebidas, etc).
Nada foi oferecido! Ou seja, a pessoa chega no aeroporto às seis e pouca da manhã e fica esperando a manhã inteira, sem informações condizentes e sem qualquer tipo de auxílio mínimo, mesmo o que deveria estar disponível por força de lei.
Destaca-se também que o aeroporto de Florianópolis é pequeno e desconfortável.
Acrescenta-se o fato de ser dia das mães, ganha-se um dia de muito cansaço e desprezo por parte da empresa.",http://http://www.anac.gov.br/,40,5
anac-agencia-nacional-de-aviacao-civil,https://cidadao.reclameaqui.com.br/337498/anac-agencia-nacional-de-aviacao-civil/nao-consigo-falar-no-telefone/,NÃO CONSIGO FALAR NO TELEFONE.,"
        Estou com um problema com a empresa GOL e preciso de informações da ANAC. Não consigo contato com nenhum nesses telefones: 163 diz que não existe, o (61)3314 4155 da ouvidoria chama e fica mudo em espera e não atende e o 0800 está desativado. Comprei bilhetes de passagens cerca de quase 2 meses atrás e a GOL cancelou o meu horário de voo de retorno. Eles estão me oferecendo horários que não me atendem e disseram que se eu quiser, a empresa me reembolsa parcialmente. Resumindo, sobre a Resolução 400 quero dizer que não tenho interesse em reembolso, nem mesmo nos outros horários que me ofereceram, porque fogem dos meus compromissos já firmados. Preciso saber se tenho direito que a GOL me acomode em um horário bem próximo numa outra empresa aérea. Aguardo retorno.",http://http://www.anac.gov.br/,41,6
anac-agencia-nacional-de-aviacao-civil,https://cidadao.reclameaqui.com.br/378913/anac-agencia-nacional-de-aviacao-civil/reembolso/,Reembolso,"
        Solicitei o reembolso na empresa aerea TAP em 22 de marco de 2018 e ate o momento nao recebi o reembolso. Diante disso fiz uma reclamacao na empresa TAP, sob o numero 2018 146943, e tambem infelizmente ate o momento nao me responderam. Por favor se puder me ajudar agradeco",http://http://www.anac.gov.br/,42,1
anac-agencia-nacional-de-aviacao-civil,https://cidadao.reclameaqui.com.br/338733/anac-agencia-nacional-de-aviacao-civil/voo-lotado-latam/,Vôo lotado Latam,"
        Hoje dia 15/06/2017, eu tinha um vôo da Latam com saída de Salvador para Guarulhos (JJ3663), às 9:35. Não sei o porque, mas este mesmo vôo estava cheio, sem assento disponível, e não consegui embarcar. A latam não me deu explicação do que houve, apenas ouvi: 
""Senhora, não tem acento disponível, não posso fazer nada!""
Então fui relocada para um voo da Gol para Congonhas (G3 1571), com saída de Salvador às 13:10, (agora para 13:25, pois acabam de informar que está atrasado, além da mudança de portão de embarque). Cada dia mais complicado viajar. Como cliente e consumidora, espero que sejam tomadas as providências e além de tudo mereço respeito. Sou Arquiteta, perdi uma reunião com clientes e visita à obra.
Atenciosamente,
Mirella Teixeira",http://http://www.anac.gov.br/,43,2
anac-agencia-nacional-de-aviacao-civil,https://cidadao.reclameaqui.com.br/339532/anac-agencia-nacional-de-aviacao-civil/a-lenda-de-diminuicao-precos-das-passagens-com-a-retirada-ba/,A lenda de diminuição preços das passagens com a retirada bagagem gratuita,"
        Semana passada comprei passagem na promoção da GOL - R$ 128 (com bagagem). Hoje na promoção da gol para mesmo voo tarifa light R$ 158 (sem bagagem)...  kkkk... só tipico brasileiro mesmo para acreditar nessa historinha da ANAC de reduzir preços ao consumidor... Vivemos no Brasil, não havia dúvidas em relação ao verdadeiro resultado final.",http://http://www.anac.gov.br/,44,3
anac-agencia-nacional-de-aviacao-civil,https://cidadao.reclameaqui.com.br/347517/anac-agencia-nacional-de-aviacao-civil/avioes-voando-baixo-e-fazendo-muito-barulho/,Aviões voando baixo e  fazendo muito barulho.,"
        A partir deste mês de setembro de 2017, durante todo tempo, avioes de pequeno porte começaram a fazer rota aérea na região do Bairro Saliado Filho  em Belo Horizonte/MG. O barulho é insuportável, uma vez que os  aviões são  pequenos e voam baixo, além dos vôos serem intermitentes.",http://http://www.anac.gov.br/,45,4
anac-agencia-nacional-de-aviacao-civil,https://cidadao.reclameaqui.com.br/365358/anac-agencia-nacional-de-aviacao-civil/1-via-da-indentidade/,1ºVIA DA INDENTIDADE,"
        JÁ TEM MAIS DE UM MÊS QUE VENHO ENTRANDO NO SITE DA POLICIA CIVIL PARA AGENDAR A 1º DA IDENTIDADE DA MINHA FILHA E NÃO CONSIGO  AGENDAR PELO SISTEMA  QUE SO INFORMA QUE NAO TEM VAGA .
PEÇO UMA SOLUÇAÕ PARA ESSE PROBLEMA POR  FAVOR DESDE JA AGRADEÇO",http://http://www.anac.gov.br/,46,5
anac-agencia-nacional-de-aviacao-civil,https://cidadao.reclameaqui.com.br/311620/anac-agencia-nacional-de-aviacao-civil/ciclo-vicioso-cia-aerea-te-empurra-para-policia-civil-polici/,"Ciclo vicioso: Cia Aérea te empurra para Polícia Civil, Polícia Civil para ANAC, ANAC para Cia aérea","
        Ao chegar em um voo no Aeroporto de Guarulhos e coletar a bagagem que havia despachado, notei que ela foi arrombada e que itens em seu interior foram furtados.
Depois de não ter sido atendida nem pela cia. aérea, nem pela Polícia Civil (era muito cedo, os escrivão disseram que estavam ocupados e se recusaram a registrar o BO!), também não consegui registrar uma reclamação na ANAC.
Os funcionários da agência simplesmente disseram que eu deveria insistir na PCSP e na cia aérea, ou entrar na justiça.
No voo em que eu estava outro passageiro também havia tido o mesmo problema. Esses casos de furtos em bagagem despachada, que ocorrem no interior dos aeroportos, nunca serão solucionados enquanto a polícia, a ANAC e a cia aérea continuarem se recusando a, pelo menos, registrar uma reclamação.",http://http://www.anac.gov.br/,47,6
anac-agencia-nacional-de-aviacao-civil,https://cidadao.reclameaqui.com.br/332207/anac-agencia-nacional-de-aviacao-civil/uma-autarquia-que-nao-serve-pra-nada-cabide-de-empregos-demi/,Uma autarquia que NÃO serve pra nada! Cabide de empregos! Demitam todos!,"
        Mais de 200 reclamações e NENHUMA é atendida. Isso é o escárnio que essa MER-DA de autarquia tem com seus cidadãos. Tomara que um novo presidente EXTINGUA essa porcaria e DEMITA todos os seus funcionários.
VOCÊ, FUNCIONÁRIO DA ANAC, VOCÊ É FUNCIONÁRIO DE UMA MER-DA DE AUTARQUIA, QUE SUBTRAÍ O DINHEIRO DO POVO, E NÃO SERVE PRA NADA!!!!
Nem perca seu tempo. Isso aqui não serve pra nada.
Até hoje essa PORCARIA de autarquia sequer criou regras específicas para cancelamento ou limitou, de maneira EXPRESSIVA E CLARA os limites de multas por cancelamento de passagem.
OU SEJA: NÃO SERVEM PRA NADA! NADA! NADA! Nem pra responder uma simples mensagem essa MER-DA de autarquia serve.",http://http://www.anac.gov.br/,48,1
anac-agencia-nacional-de-aviacao-civil,https://cidadao.reclameaqui.com.br/367162/anac-agencia-nacional-de-aviacao-civil/as-viagens-de-aviao-estao-piores-que-viajar-de-combi/,As viagens de aviao estão piores que viajar de combi,"
        Com essa nova lei de todos serem OBRIGADOS a levarem suas malas em cima, porque não houve redução de passagem e precisa-se pagar pra despachar malas está péssimo o embarque  desembarque, é muito tumulto é muita confusão, antes mesmo dessa lei já havia pouco espaço para bagagem de mão agora a zona está garantida, vocês da Anac não zelam por nada a respeito do consumidor, só brasileiro mesmo pra aceitar isso calado",http://http://www.anac.gov.br/,49,2
anac-agencia-nacional-de-aviacao-civil,https://cidadao.reclameaqui.com.br/341683/anac-agencia-nacional-de-aviacao-civil/evitando-confusoes-com-horarios/,Evitando confusões com horários,"
        Bom dia,
Ontem a minha esposa perdeu um vôo doméstico devido a uma confusão com o  horário pois o vôo estava marcado para 0:00h do dia 17, ou seja, primeira hora do dia, no entanto, ela imaginou que seria a meia noite do dia 17 (final do dia), o que gerou a perda do seu vôo. Embora reconheça que este foi um erro e uma falta de atenção do passageiro, acredito que outras pessoas cometem o mesmo equívoco e as empresas lucram com isto pois foi preciso comprar uma nova passagem (no caso em questão a empresa foi a AZUL); portanto, como uma sugestão de melhoria no processo e que com certeza evitará novas situações desagradáveis e prejuízos aos passageiros, a ANAC ou órgão competente, deveria orientar ou obrigar as empresas a colocar o vôo com o horário  às 23:59h do dia anterior e não 0:00h do dia seguinte. Este é um pequeno detalhe, imagino que não altera em nada a rotina do aeroporto e das empresas aéreas, mas evitará uma serie de desgastes e fará uma enorme diferença na vida dos passageiros.
Espero com esta pequena sugestão ajudar a melhorar os serviços;
Desde já agradeço
Mateus",http://http://www.anac.gov.br/,50,3
anac-agencia-nacional-de-aviacao-civil,https://cidadao.reclameaqui.com.br/375501/anac-agencia-nacional-de-aviacao-civil/cancelamento-de-voo/,Cancelamento de voo,"
        Comprei um pacote na Decolar.com.
Infelizmente precisamos cancelar, o que seria feito pelo código do consumidor, artigo 49.
Fui informada pela atendente da Decolar que a Avianca não segue esse artigo do Código.
Não entendo como qualquer empresa possa desrespeitar uma lei com a aprovação da Anac.
Vocês podem me explicar esse absurdo?
Solange Teixeira
(61)99241-7958",http://http://www.anac.gov.br/,51,4
anac-agencia-nacional-de-aviacao-civil,https://cidadao.reclameaqui.com.br/370498/anac-agencia-nacional-de-aviacao-civil/constrangimento-ilegal-no-ato-de-vistoria-da-bagagem-de-mao/,constrangimento ilegal no ato de vistoria da bagagem de mão,"
        Na data de 05.03. 2018, a passageira ora reclamante, se encontrava em transito - Belém - Macapa, voo da azul  que sairia as 23h, entretanto estes somente teve partida as 01h 15m do dia 06.03.2018.
Ocorre porém, que ao passar pela inspeção do RX do aeroporto, não houve acionamento do aparelho que indicasse objetos com restrição, mesmo assim, o agente de inspeção (sexo masculino) informou que a mala e a bolsa iriam ser inspecionadas. Sem qual interferência a passageira permitiu e iniciou a abertura da mala, entretanto, foi informada que esta seria vistoriada pelo agente que faria a retirada de todos os pertences.
E assim, procedeu, mesmo sendo contrariado, já que alem de peças intimas, a bagagem continha material de trabalho que tambem foram inspecionados.
Indignada com o ato, a passageira resolveu registrar através de foto  com base no CP Art. 25 - Entende-se em legítima defesa quem, usando moderadamente dos meios necessários, repele injusta agressão, atual ou iminente, a direito seu ou de outre.
Entretanto, o agente, foi mais além, e chamou o inspetor do aeroporto, em razão da foto, já que, segundo os mesmo o ato de registro  seria ilícito.
Em ato continuo, a passageira procedeu a retirada dos pertences da bolsa para que o agente vistoriasse, e este informou que ele próprio deveria retirar da bolsa os pertences, e mandou devolver.
Não satisfeito, com o corrido, chamou o agente da policia federal para que a passageira apagasse a foto, sob pena de não embarque.
Assim, após ser coagida a apagar a foto, ja que precisava viajar, pois estaria viajando a trabalho.
Apos ser atendido , o s agentes retornaram o ato abusivo e abriram a bolsa de tira colo, revistaram todos os objetos la contido, inclusive porta cédula.
Frise-se, que o ato ja havia sido feito pela passageira e não levado em consideração. 
Apos o ocorrido, a passageira, fez ocorrência na policia federal, Infraero, e ANAC, entretanto, no site de manifestação da ANAC, não ha protocolo, o que não me da condições de saber se houve o recebimento da denuncia 
.
Note-se que Tal procedimento  esta em desacordo com as leis e normas especificas conforme se ve .
Segurança na Aviação Civil contra Atos de Interferência Ilícita (PNAVSEC). O art. 67 estabelece que o acesso de passageiros, tripulantes, pessoal de serviço, empregados dos concessionários de aeroporto e das administrações aeroportuárias e de servidores públicos às áreas restritas de segurança (ARS’s) será permitido somente após identificação e inspeção de segurança, nos termos dos atos normativos da ANAC. Os passageiros e suas bagagens de mão devem ser inspecionados antes do acesso à aeronave ou à ARS, conforme atos normativos da ANAC, segundo diz o art. 110. Consoante o art. 112, a inspeção pode ser manual ou com o uso de equipamentos de segurança (detector de metais, raio-x, ETD e outros), ou pela combinação de ambas as técnicas. O art. 115 menciona que a busca pessoal dos passageiros e a inspeção manual de bagagens consistem em processos alternativos de inspeção de segurança, devendo ser realizados aleatoriamente quando os equipamentos não estiverem disponíveis ou não estiverem em boas condições de uso, ou quando a Polícia Federal julgar necessário para o desempenho de sua missão institucional
O art. 119 exige o consentimento do passageiro para a realização da inspeção manual de bagagem e a busca pessoal, devendo esta ser realizada por profissional do mesmo sexo, em sala reservada, com discrição e na presença de testemunha. Não havendo consentimento, ocorrendo resistência à inspeção ou sendo apresentados indícios de objetos, materiais e substâncias cuja posse, em tese, constitua crime, a Polícia Federal realizará a busca pessoa
Ate prova em contrario considero a conduta dos referidos prestadores de serviço como discriminatória, desproporcional e ofensiva, causando humilhação, violação da intimidade e ataque à honra subjetiva da parte reclamante , o que configura ato ilegal e abusivo
Diante de todo ocorrido, aguardo Manifestação
att
Leila Pantoja",http://http://www.anac.gov.br/,52,5
anac-agencia-nacional-de-aviacao-civil,https://cidadao.reclameaqui.com.br/298633/anac-agencia-nacional-de-aviacao-civil/guarda-volumes-do-aeroporto-do-galeao-nao-funciona-no-period/,Guarda volumes do aeroporto do Galeão não funciona no período das olimpíadas,"
        No dia 08/08/2016, precisei usar o serviço de guarda volumes no aeroporto do galeão. No site constava que havia a oferta do serviço. Qdo cheguei no aeroporto, depois de perguntar para muitos funcionários, descobri que o serviço não estava sendo ofertado no período das olimpíadas por motivos de segurança, mas essa informação só é dada quando vc esta no aeroporto e precisa usar o serviço. O funcionário zombou da minha cara quando disse que precisava guardar a mala, disse que muitos gringos estavam passando pelo mesmo problema e que se eles não conseguiam acessar o serviço, não seria eu, uma reles brasileira que poderia acessar. Perdi um ingresso de um jogo de tênis das olimpíadas por acreditar na informação do site do aeroporto que afirmava que o serviço de guarda volumes estava em operação, além de ter sido ridicularizada pelo funcionário do galeão. Espero que alguém seja responsabilizado e punido pela falta de uma comunicação eficaz sobre a oferta do serviço, além da falta de educação e respeito do funcionário do Galeão.",http://http://www.anac.gov.br/,53,6
anac-agencia-nacional-de-aviacao-civil,https://cidadao.reclameaqui.com.br/299201/anac-agencia-nacional-de-aviacao-civil/acompanhamento-e-site-problematico/,Acompanhamento e site problemático,"
        Reabri uma manifestação no sítio da Anac porque obtive uma resposta meramente burocrática e agora não consigo acompanhar o processo porque no sítio, que já é pouco amigável para reclamações, sou direcionado para fazer todo o cadastro novamente.",http://http://www.anac.gov.br/,54,1
anac-agencia-nacional-de-aviacao-civil,https://cidadao.reclameaqui.com.br/338734/anac-agencia-nacional-de-aviacao-civil/voo-lotado-latam/,Vôo lotado Latam,"
        Hoje dia 15/06/2017, eu tinha um vôo da Latam com saída de Salvador para Guarulhos (JJ3663), às 9:35. Não sei o porque, mas este mesmo vôo estava cheio, sem assento disponível, e não consegui embarcar. A latam não me deu explicação do que houve, apenas ouvi: 
""Senhora, não tem acento disponível, não posso fazer nada!""
Então fui relocada para um voo da Gol para Congonhas (G3 1571), com saída de Salvador às 13:10, (agora para 13:25, pois acabam de informar que está atrasado, além da mudança de portão de embarque). Cada dia mais complicado viajar. Como cliente e consumidora, espero que sejam tomadas as providências e além de tudo mereço respeito. Sou Arquiteta, perdi uma reunião com clientes e visita à obra.
Atenciosamente,
Mirella Teixeira",http://http://www.anac.gov.br/,55,2
anac-agencia-nacional-de-aviacao-civil,https://cidadao.reclameaqui.com.br/292704/anac-agencia-nacional-de-aviacao-civil/reembolso-da-tam/,Reembolso da TAM,"
        Para iniciar a reclamação é necessário informar minha total repulsão ao site da LATAM. Como o site está desorganizado e sem informações básicas! Precisei cancelar minha viagem com 2 dias de antecedência. Portanto, liguei (com muita dificuldade consegui ser atendida !) no canal da LATAM, onde me informaram que a LATAM não cobra NoShow. Mesmo assim, fiz o cancelamento através do pedido de reembolso da passagem. 
Texto do email:
 ""Sua Solicitação de Reembolso foi recebida pela TAM LINHAS AÉREAS, setor de 
Reembolso de Passagens. 
O número da sua Solicitação de Reembolso é: 3286377 
A sua Solicitação de Reembolso foi criada em 20/05/2016 07:45:40 hr 
e será analisada pelos nossos atendentes. "" 
Não recebi o valor do reembolso! Não tem informações!
O telefone não atende! Demora horas com aquela música sem fim!
Não sei o valor do meu reembolso!",http://http://www.anac.gov.br/,56,3
anac-agencia-nacional-de-aviacao-civil,https://cidadao.reclameaqui.com.br/350371/anac-agencia-nacional-de-aviacao-civil/aumento-de-precos-e-sem-bagagem/,"Aumento de Preços, e sem bagagem","
        Bom dia ANAC, tudo bom?
Gostaria de uma explicação, por favor...
Como que uma mesma passagem da Suissa para o Rio de Janeiro, pela TAP, nas mesmas datas, podem ter uma diferença de preço tao grande e sem bagagem, e, com 2 bagagens de 23k, que antes eram 2 de 32k, estão mais caras? Vocês sabem muito bem o que esta acontecendo, mas, mesmo assim, gostaria de uma explicação de vocês, se possível, por favor....
Obrigada
Tenham um ótimo dia...",http://http://www.anac.gov.br/,57,4
anac-agencia-nacional-de-aviacao-civil,https://cidadao.reclameaqui.com.br/365586/anac-agencia-nacional-de-aviacao-civil/nao-consigo-acessar-o-sistema-saci/,Não consigo acessar o sistema SACI,"
        No início do meu curso para Comissária de Bordo, realizei meu cadastro ao sistema ANAC, e agora no fim do curso uma das exigências é escanear todos os documentos no SACI, porém não consigo acesso, aparecem mensagens que não estou cadastrada. Sendo assim, tentei novamente fazer o Cadastro a uma semana, e estou esperando uma mensagem no meu email de confirmação de cadastro que até hoje não chegou. Tenho um prazo pra realizar esse procedimento para que me liberem para fazer a prova da ANAC.  Entrei em contato com os telefones e me informaram não ter o que fazer nesses casos...  O que fazer nesses casos?",http://http://www.anac.gov.br/,58,5
anac-agencia-nacional-de-aviacao-civil,https://cidadao.reclameaqui.com.br/336745/anac-agencia-nacional-de-aviacao-civil/alteracao-de-voo/,Alteração de voo,"
        Comprei a viagem de Londrina para Rio de Janeiro pela Azul linhas aéreas. A previsão era de chegada no Rio de Janeiro no voo 4233 as 18:25h do dia 26/05. 
A empresa atrasou a partida de Londrina e o voo que me levaria para Rio de Janeiro partiu e fui realocada para um voo 1:00 depois. 
Não fui consultada e nem indenizada pelo atraso. Teria compromisso as 19:00 mas em virtude dessa mudança não pude cumprir com meus compromissos.
Os funcionários não me atenderam nem registraram minha queixa em Viracopps.
Quero registrar aqui a queixa  e solicitar indenização por danos morais.
Maria da Conceição Francisca Pired",http://http://www.anac.gov.br/,59,6
anac-agencia-nacional-de-aviacao-civil,https://cidadao.reclameaqui.com.br/377908/anac-agencia-nacional-de-aviacao-civil/anac-e-sua-conivencia-com-precos-altos-de-passagens-aereas-a/,ANAC  e sua conivência com preços altos de passagens aéreas ainda permitem cobrar pela bagagem,"
        Aquele argumento pífio de que permitir que as companhias aéreas cobrem pela bagagem que isso iria baratear as passagens NUNCA SE CONCRETIZOU, como pode, um órgão, que teoricamente, deveria proteger, ser conivente com tal situação?",http://http://www.anac.gov.br/,60,1
